"0","#========================================================"
"0","# EXECUTAR TODAS SEMENTES, LASSO, PARA STAGE"
"0","#========================================================"
"0","# ---- Stage (5 folds, 100 outer, 10.000 inner)"
"0","# vetor de sementes "
"0","seeds <- c(969167, 188942, 134058, 124022, 685285,"
"0","           226318, 365209, 648795, 985797, 193627)"
"0",""
"0","# lista para guardar os resultados do LASSO para STAGE em cada seed"
"0","# results_stage_seeds <- lapply(seeds, function(s){"
"0","#   set.seed(s)"
"0","#   run_two_tier_lasso("
"0","#     df_stage, ""stage_I_vs_III"", radiomic_cols,"
"0","#     K_outer   = 5,"
"0","#     K_inner   = 5,"
"0","#     outer_reps = 20,"
"0","#     inner_reps = 20"
"0","#   )"
"0","# })"
"0",""
"0","# dar nomes bonitinhos pela seed"
"0","names(results_stage_seeds) <- paste0(""seed_"", seeds)"
"2","Erro: objeto 'results_stage_seeds' não encontrado
"
