"0","# Selecionar variaveis que importam"
"0","dados_clinicos <- clin_patient91 %>%"
"0","  select("
"0","    bcr_patient_barcode,"
"0","    gender,"
"0","    race_list,"
"0","    ethnicity,"
"0","    age_at_initial_pathologic_diagnosis,"
"0","    breast_carcinoma_estrogen_receptor_status,"
"0","    breast_carcinoma_progesterone_receptor_status,"
"0","    lab_proc_her2_neu_immunohistochemistry_receptor_status,"
"0","    her2_immunohistochemistry_level_result,"
"0","    histological_type,"
"0","    number_of_lymphnodes_positive_by_he,"
"0","    lymph_node_examined_count,"
"0","    stage_event_pathologic_stage,"
"0","    person_neoplasm_cancer_status"
"0","  )"
