"0","# Copiar os dataframes originais"
"0","dados_radiomica <- radiomic_feat"
"0",""
"0","# Criar coluna com patient ID extraído do Lesion Name"
"0","dados_radiomica$patient_barcode <- substr(dados_radiomica$`Lesion Name`, 1, 12)"
"0",""
"0","# Renomear 2 Variáveis conforme artigo"
"0","dados_radiomica <- dplyr::rename(dados_radiomica,"
"0","              `Volume of most enhancing voxels (K8)` = `Volume of most enhancing voxels (S4)`,"
"0","              `Maximum linear size (S4)` = `Maximum Diameter (S5)`)"
"0",""
"0","# Retirar variável desnecessária"
"0","dados_radiomica <- dplyr::select(dados_radiomica, -`Lesion Name`)"
"0",""
"0","# Deixar a identificação dos pacientes na frente"
"0","dados_radiomica <- dplyr::select("
"0","  dados_radiomica,"
"0","  dplyr::last_col(),   "
"0","  dplyr::everything()  "
"0",")"
