{"chunk_definitions":[{"row":19,"row_count":1,"visible":true,"expansion_state":0,"options":{"engine":"r","label":"setup","include":false,"dev":"png"},"document_id":"11347A8D","chunk_id":"csetup_chunk","chunk_label":"setup"},{"row":43,"row_count":1,"visible":true,"expansion_state":0,"options":{"engine":"r","echo":true,"label":"unnamed-chunk-2","dev":"png"},"document_id":"11347A8D","chunk_id":"cm6id1as54jtw","chunk_label":"unnamed-chunk-1"},{"row":68,"row_count":1,"visible":true,"expansion_state":0,"options":{"engine":"r","include":true,"echo":true,"label":"unnamed-chunk-3","dev":"png"},"document_id":"11347A8D","chunk_id":"cq16zdwrnbf1y","chunk_label":"unnamed-chunk-2"},{"row":81,"row_count":1,"visible":true,"expansion_state":0,"options":{"engine":"r","include":true,"echo":true,"label":"unnamed-chunk-7","dev":"png"},"document_id":"11347A8D","chunk_id":"c7xv7i4ahvvyf","chunk_label":"unnamed-chunk-3"},{"row":108,"row_count":1,"visible":true,"expansion_state":0,"options":{"engine":"r","include":true,"echo":true,"label":"unnamed-chunk-8","dev":"png"},"document_id":"11347A8D","chunk_id":"cv6xfi21hdp5l","chunk_label":"unnamed-chunk-5"},{"row":116,"row_count":1,"visible":true,"expansion_state":0,"options":{"engine":"r","include":true,"label":"unnamed-chunk-9","dev":"png"},"document_id":"11347A8D","chunk_id":"cecr00b5mnn4r","chunk_label":"unnamed-chunk-6"},{"row":123,"row_count":1,"visible":true,"expansion_state":0,"options":{"engine":"r","include":true,"echo":true,"label":"unnamed-chunk-10","dev":"png"},"document_id":"11347A8D","chunk_id":"c060aesbyygh1","chunk_label":"unnamed-chunk-7"},{"row":142,"row_count":1,"visible":true,"expansion_state":0,"options":{"engine":"r","include":true,"echo":true,"label":"unnamed-chunk-11","dev":"png"},"document_id":"11347A8D","chunk_id":"cs7w1s5116653","chunk_label":"unnamed-chunk-8"},{"row":150,"row_count":1,"visible":true,"expansion_state":0,"options":{"engine":"r","include":true,"echo":true,"label":"unnamed-chunk-12","dev":"png"},"document_id":"11347A8D","chunk_id":"c6kb3s4r30pew","chunk_label":"unnamed-chunk-9"},{"row":171,"row_count":1,"visible":true,"expansion_state":0,"options":{"engine":"r","include":true,"echo":true,"label":"unnamed-chunk-13","dev":"png"},"document_id":"11347A8D","chunk_id":"cjfgcdvxwe288","chunk_label":"unnamed-chunk-10"},{"row":179,"row_count":1,"visible":true,"expansion_state":0,"options":{"engine":"r","include":true,"label":"unnamed-chunk-14","dev":"png"},"document_id":"11347A8D","chunk_id":"cjpdr3mormus3","chunk_label":"unnamed-chunk-11"},{"row":190,"row_count":1,"visible":true,"expansion_state":0,"options":{"engine":"r","include":true,"echo":true,"label":"unnamed-chunk-15","dev":"png"},"document_id":"11347A8D","chunk_id":"cmcly1ofwkhgg","chunk_label":"unnamed-chunk-12"},{"row":195,"row_count":1,"visible":true,"expansion_state":0,"options":{"engine":"r","include":true,"echo":true,"label":"unnamed-chunk-16","dev":"png"},"document_id":"11347A8D","chunk_id":"c60qbtg3ba5bt","chunk_label":"unnamed-chunk-13"},{"row":203,"row_count":1,"visible":true,"expansion_state":0,"options":{"engine":"r","include":true,"label":"unnamed-chunk-17","dev":"png"},"document_id":"11347A8D","chunk_id":"c4imzkly26jpd","chunk_label":"unnamed-chunk-14"},{"row":295,"row_count":1,"visible":true,"expansion_state":0,"options":{"engine":"r","include":true,"echo":true,"label":"unnamed-chunk-21","dev":"png"},"document_id":"11347A8D","chunk_id":"chlsogwpz8450","chunk_label":"unnamed-chunk-17"},{"row":301,"row_count":1,"visible":true,"expansion_state":0,"options":{"engine":"r","include":true,"echo":true,"label":"unnamed-chunk-22","dev":"png"},"document_id":"11347A8D","chunk_id":"css2rora4kior","chunk_label":"unnamed-chunk-18"},{"row":308,"row_count":1,"visible":true,"expansion_state":0,"options":{"engine":"r","include":true,"echo":true,"label":"unnamed-chunk-23","dev":"png"},"document_id":"11347A8D","chunk_id":"c7vbo1bq23b61","chunk_label":"unnamed-chunk-19"},{"row":314,"row_count":1,"visible":true,"expansion_state":0,"options":{"engine":"r","include":true,"echo":true,"label":"unnamed-chunk-24","dev":"png"},"document_id":"11347A8D","chunk_id":"cb40dw5fosbbo","chunk_label":"unnamed-chunk-20"},{"row":321,"row_count":1,"visible":true,"expansion_state":0,"options":{"engine":"r","include":true,"echo":true,"label":"unnamed-chunk-25","dev":"png"},"document_id":"11347A8D","chunk_id":"cxsv1ttzqlhbp","chunk_label":"unnamed-chunk-21"},{"row":328,"row_count":1,"visible":true,"expansion_state":0,"options":{"engine":"r","include":true,"echo":true,"label":"unnamed-chunk-26","dev":"png"},"document_id":"11347A8D","chunk_id":"c1h4n276rs91g","chunk_label":"unnamed-chunk-22"},{"row":551,"row_count":1,"visible":true,"expansion_state":0,"options":{"engine":"r","include":true,"echo":true,"label":"unnamed-chunk-27","dev":"png"},"document_id":"11347A8D","chunk_id":"cbe2ihwzyggzk","chunk_label":"unnamed-chunk-32"},{"row":1193,"row_count":1,"visible":true,"expansion_state":0,"options":{"engine":"r","include":true,"echo":true,"label":"unnamed-chunk-28","dev":"png"},"document_id":"11347A8D","chunk_id":"c5dexwcso9e39","chunk_label":"unnamed-chunk-46"},{"row":2732,"row_count":1,"visible":true,"expansion_state":0,"options":{"engine":"r","echo":true,"warning":false,"message":false,"label":"unnamed-chunk-29","dev":"png"},"document_id":"11347A8D","chunk_id":"c83xv14if9utw","chunk_label":"unnamed-chunk-73"},{"row":2832,"row_count":1,"visible":true,"expansion_state":0,"options":{"engine":"r","echo":true,"label":"unnamed-chunk-30","dev":"png"},"document_id":"11347A8D","chunk_id":"c3igv6fnei4uo","chunk_label":"unnamed-chunk-74"}],"doc_write_time":1764809037,"working_dir":null,"default_chunk_options":{"echo":false,"include":false,"message":false,"warning":false}}