"0","library(readxl)"
"0","library(ggplot2)"
"0","library(knitr)"
"0","library(kableExtra)"
"0","library(dplyr)"
"0","library(ggthemes)"
"0","library(tidyr)"
"0","library(BiocManager)"
"0","library(S4Vectors)"
"0","library(SummarizedExperiment)"
"0","library(""UpSetR"")"
"0","library(MultiAssayExperiment)"
"0","library(glmnet)"
"0","library(pROC)"
"0","library(caret)"
"2","Erro: carregamento do pacote ou namespace falhou para ‘caret’ in loadNamespace(j <- i[[1L]], c(lib.loc, .libPaths()), versionCheck = vI[[j]]):
 não há nenhum pacote chamado ‘parallelly’
"
