"0","radiomic_cols <- c("
"0","  ""Maximum enhancement (K1)"","
"0","  ""Time to peak (K2)"","
"0","  ""Uptake rate (K3)"","
"0","  ""Washout rate (K4)"","
"0","  ""Curve shape index (K5)"","
"0","  ""E1 (K6)"","
"0","  ""Signal Enhancement Ratio (SER) (K7)"","
"0","  ""Maximum enhancement-variance (E1)"","
"0","  ""Enhancement-Variance Time to Peak (E2)"","
"0","  ""Enhancement-variance Increasing Rate (E3)"","
"0","  ""Enhancement-variance Decreasing Rate (E4)"","
"0","  ""Contrast (T1)"","
"0","  ""Correlation (T2)"","
"0","  ""Difference Entropy (T3)"","
"0","  ""Difference Variance (T4)"","
"0","  ""Energy (T5)"","
"0","  ""Entropy (T6)"","
"0","  ""Homogeneity (T7)"","
"0","  ""IMC1 (T8)"","
"0","  ""IMC2 (T9)"","
"0","  ""Maximum Correlation Coefficient (T10)"","
"0","  ""Sum Average (T11)"","
"0","  ""Sum Entropy (T12)"","
"0","  ""Sum Variance (T13)"","
"0","  ""Variance (T14)"","
"0","  ""Sphericity (G1)"","
"0","  ""Irregularity (G2)"","
"0","  ""Margin Sharpness (M1)"","
"0","  ""Variance of Margin Sharpness (M2)"","
"0","  ""Variance of Radial Gradient Histogram (vRGH) (M3)"","
"0","  ""Size/Lesion volume (S1)"","
"0","  ""Effective Diameter (S2)"","
"0","  ""Surface Area (S3)"","
"0","  ""Surface Area to Volume ratio (G3)"","
"0","  ""Volume of most enhancing voxels (K8)"","
"0","  ""Maximum linear size (S4)"""
"0",")"
"0","# Em caso de diferença de nomes, ""intersect"" evita erro:"
"0","radiomic_cols <- intersect(radiomic_cols, names(dados2))"
"2","Error in h(simpleError(msg, call)) : 
  erro na avaliação do argumento 'y' na seleção do método para a função 'intersect': 'objeto 'dados2' não encontrado'
"
