{"chunk_definitions":[{"row":19,"row_count":1,"visible":true,"expansion_state":0,"options":{"engine":"r","label":"setup","include":false,"dev":"png"},"document_id":"E47C9D76","chunk_id":"csetup_chunk","chunk_label":"setup"},{"row":79,"row_count":1,"visible":true,"expansion_state":0,"options":{"engine":"r","include":true,"echo":true,"label":"unnamed-chunk-4","dev":"png"},"document_id":"E47C9D76","chunk_id":"cizu4xe2mpfgs","chunk_label":"unnamed-chunk-3"},{"row":105,"row_count":1,"visible":true,"expansion_state":0,"options":{"engine":"r","include":true,"echo":true,"label":"unnamed-chunk-6","dev":"png"},"document_id":"E47C9D76","chunk_id":"cv650dla1kvxk","chunk_label":"unnamed-chunk-5"}],"doc_write_time":1764199724,"working_dir":null,"default_chunk_options":{"echo":false,"include":false,"message":false,"warning":false}}